Workbook

Sheet Criteria
A1: 1. Comparison Matrix | G1: n | H1: 3
C2: =B3 -> Harga | D2: =B4 -> Kualitas | E2: =B5 -> Pengiriman
A3: C1 | B3: Harga | C3: 1 | D3: =1/C4 -> 0.33333333 | E3: =1/C5 -> 3
A4: C2 | B4: Kualitas | C4: 3 | D4: 1 | E4: =1/D5 -> 5
A5: C3 | B5: Pengiriman | C5: =1/3 -> 0.33333333 | D5: =1/5 -> 0.2 | E5: 1
C6: =SUM(C3:C5) -> 4.3333333 | D6: =SUM(D3:D5) -> 1.5333333 | E6: =SUM(E3:E5) -> 9
A8: 2. Normalize
C9: =C2 -> Harga | D9: =D2 -> Kualitas | E9: =E2 -> Pengiriman | F9: Eigen
B10: =B3 -> Harga | C10: =C3/C$6 -> 0.23076923 | D10: =D3/D$6 -> 0.2173913 | E10: =E3/E$6 -> 0.33333333 | F10: =AVERAGE(C10:E10) -> 0.26049796
B11: =B4 -> Kualitas | C11: =C4/C$6 -> 0.69230769 | D11: =D4/D$6 -> 0.65217391 | E11: =E4/E$6 -> 0.55555556 | F11: =AVERAGE(C11:E11) -> 0.63334572
B12: =B5 -> Pengiriman | C12: =C5/C$6 -> 0.076923077 | D12: =D5/D$6 -> 0.13043478 | E12: =E5/E$6 -> 0.11111111 | F12: =AVERAGE(C12:E12) -> 0.10615632
A14: 3. Lamda Max
B15: =C6*F10+D6*F11+E6*F12 -> 3.0553615
A17: 4. CI
B18: =(B15-H1)/(H1-1) -> 0.027680747 | C18: --> < 1 benar
A20: 5. CR = CI/IR
B21: =B18/VLOOKUP(H1,A26:B34,2,FALSE()) -> 0.047725425 | C21: =IF(B21<0.1,"👍 Konsisten","🚫 Tidak Konsisten") -> 👍 Konsisten
A25: Random Index
A26: 1 | B26: 0
A27: 2 | B27: 0
A28: 3 | B28: 0.58
A29: 4 | B29: 0.9
A30: 5 | B30: 1.12
A31: 6 | B31: 1.24
A32: 7 | B32: 1.32
A33: 8 | B33: 1.41
A34: 9 | B34: 1.45

Sheet C1
A1: 1. Comparison Matrix | C1: =Criteria!B3 -> Harga | G1: n | H1: 3
C2: =B3 -> Ani | D2: =B4 -> Budi | E2: =B5 -> Charlie
A3: P1 | B3: Ani | C3: 1 | D3: =1/C4 -> 0.33333333 | E3: =1/C5 -> 0.2
A4: P2 | B4: Budi | C4: 3 | D4: 1 | E4: =1/D5 -> 0.33333333
A5: P3 | B5: Charlie | C5: 5 | D5: 3 | E5: 1
C6: =SUM(C3:C5) -> 9 | D6: =SUM(D3:D5) -> 4.3333333 | E6: =SUM(E3:E5) -> 1.5333333
A8: 2. Normalize
C9: =C2 -> Ani | D9: =D2 -> Budi | E9: =E2 -> Charlie | F9: Eigen
B10: =B3 -> Ani | C10: =C3/C$6 -> 0.11111111 | D10: =D3/D$6 -> 0.076923077 | E10: =E3/E$6 -> 0.13043478 | F10: =AVERAGE(C10:E10) -> 0.10615632 | G10: =RANK(F10,$F$10:$F$12) -> 3
B11: =B4 -> Budi | C11: =C4/C$6 -> 0.33333333 | D11: =D4/D$6 -> 0.23076923 | E11: =E4/E$6 -> 0.2173913 | F11: =AVERAGE(C11:E11) -> 0.26049796 | G11: =RANK(F11,$F$10:$F$12) -> 2
B12: =B5 -> Charlie | C12: =C5/C$6 -> 0.55555556 | D12: =D5/D$6 -> 0.69230769 | E12: =E5/E$6 -> 0.65217391 | F12: =AVERAGE(C12:E12) -> 0.63334572 | G12: =RANK(F12,$F$10:$F$12) -> 1
A14: 3. Lamda Max
B15: =C6*F10+D6*F11+E6*F12 -> 3.0553615
A17: 4. CI
B18: =(B15-H1)/(H1-1) -> 0.027680747 | C18: --> < 1 benar
A20: 5. CR = CI/IR
B21: =B18/VLOOKUP(H1,A26:B34,2,FALSE()) -> 0.047725425 | C21: =IF(B21<0.1,"👍 Konsisten","🚫 Tidak Konsisten") -> 👍 Konsisten
A25: Random Index
A26: 1 | B26: 0
A27: 2 | B27: 0
A28: 3 | B28: 0.58
A29: 4 | B29: 0.9
A30: 5 | B30: 1.12
A31: 6 | B31: 1.24
A32: 7 | B32: 1.32
A33: 8 | B33: 1.41
A34: 9 | B34: 1.45

Sheet C2
A1: 1. Comparison Matrix | C1: =Criteria!B4 -> Kualitas | G1: n | H1: =Criteria!H1 -> 3
C2: =B3 -> Ani | D2: =B4 -> Budi | E2: =B5 -> Charlie
A3: P1 | B3: ='C1'!B3 -> Ani | C3: 1 | D3: =1/C4 -> 3 | E3: =1/C5 -> 0.5
A4: P2 | B4: ='C1'!B4 -> Budi | C4: =1/3 -> 0.33333333 | D4: 1 | E4: =1/D5 -> 0.33333333
A5: P3 | B5: ='C1'!B5 -> Charlie | C5: 2 | D5: 3 | E5: 1
C6: =SUM(C3:C5) -> 3.3333333 | D6: =SUM(D3:D5) -> 7 | E6: =SUM(E3:E5) -> 1.8333333
A8: 2. Normalize
C9: =C2 -> Ani | D9: =D2 -> Budi | E9: =E2 -> Charlie | F9: Eigen
B10: =B3 -> Ani | C10: =C3/C$6 -> 0.3 | D10: =D3/D$6 -> 0.42857143 | E10: =E3/E$6 -> 0.27272727 | F10: =AVERAGE(C10:E10) -> 0.33376623 | G10: =RANK(F10,$F$10:$F$12) -> 2
B11: =B4 -> Budi | C11: =C4/C$6 -> 0.1 | D11: =D4/D$6 -> 0.14285714 | E11: =E4/E$6 -> 0.18181818 | F11: =AVERAGE(C11:E11) -> 0.14155844 | G11: =RANK(F11,$F$10:$F$12) -> 3
B12: =B5 -> Charlie | C12: =C5/C$6 -> 0.6 | D12: =D5/D$6 -> 0.42857143 | E12: =E5/E$6 -> 0.54545455 | F12: =AVERAGE(C12:E12) -> 0.52467532 | G12: =RANK(F12,$F$10:$F$12) -> 1
A14: 3. Lamda Max
B15: =C6*F10+D6*F11+E6*F12 -> 3.065368
A17: 4. CI
B18: =(B15-H1)/(H1-1) -> 0.032683983 | C18: --> < 1 benar
A20: 5. CR = CI/IR
B21: =B18/VLOOKUP(H1,A26:B34,2,FALSE()) -> 0.056351694 | C21: =IF(B21<0.1,"👍 Konsisten","🚫 Tidak Konsisten") -> 👍 Konsisten
A25: Random Index
A26: 1 | B26: 0
A27: 2 | B27: 0
A28: 3 | B28: 0.58
A29: 4 | B29: 0.9
A30: 5 | B30: 1.12
A31: 6 | B31: 1.24
A32: 7 | B32: 1.32
A33: 8 | B33: 1.41
A34: 9 | B34: 1.45

Sheet C3
A1: 1. Comparison Matrix | C1: =Criteria!B5 -> Pengiriman | G1: n | H1: =Criteria!H1 -> 3
C2: =B3 -> Ani | D2: =B4 -> Budi | E2: =B5 -> Charlie
A3: P1 | B3: ='C1'!B3 -> Ani | C3: 1 | D3: =1/C4 -> 0.33333333 | E3: =1/C5 -> 0.2
A4: P2 | B4: ='C1'!B4 -> Budi | C4: 3 | D4: 1 | E4: =1/D5 -> 0.33333333
A5: P3 | B5: ='C1'!B5 -> Charlie | C5: 5 | D5: 3 | E5: 1
C6: =SUM(C3:C5) -> 9 | D6: =SUM(D3:D5) -> 4.3333333 | E6: =SUM(E3:E5) -> 1.5333333
A8: 2. Normalize
C9: =C2 -> Ani | D9: =D2 -> Budi | E9: =E2 -> Charlie | F9: Eigen
B10: =B3 -> Ani | C10: =C3/C$6 -> 0.11111111 | D10: =D3/D$6 -> 0.076923077 | E10: =E3/E$6 -> 0.13043478 | F10: =AVERAGE(C10:E10) -> 0.10615632 | G10: =RANK(F10,$F$10:$F$12) -> 3
B11: =B4 -> Budi | C11: =C4/C$6 -> 0.33333333 | D11: =D4/D$6 -> 0.23076923 | E11: =E4/E$6 -> 0.2173913 | F11: =AVERAGE(C11:E11) -> 0.26049796 | G11: =RANK(F11,$F$10:$F$12) -> 2
B12: =B5 -> Charlie | C12: =C5/C$6 -> 0.55555556 | D12: =D5/D$6 -> 0.69230769 | E12: =E5/E$6 -> 0.65217391 | F12: =AVERAGE(C12:E12) -> 0.63334572 | G12: =RANK(F12,$F$10:$F$12) -> 1
A14: 3. Lamda Max
B15: =C6*F10+D6*F11+E6*F12 -> 3.0553615
A17: 4. CI
B18: =(B15-H1)/(H1-1) -> 0.027680747 | C18: --> < 1 benar
A20: 5. CR = CI/IR
B21: =B18/VLOOKUP(H1,A26:B34,2,FALSE()) -> 0.047725425 | C21: =IF(B21<0.1,"👍 Konsisten","🚫 Tidak Konsisten") -> 👍 Konsisten
A25: Random Index
A26: 1 | B26: 0
A27: 2 | B27: 0
A28: 3 | B28: 0.58
A29: 4 | B29: 0.9
A30: 5 | B30: 1.12
A31: 6 | B31: 1.24
A32: 7 | B32: 1.32
A33: 8 | B33: 1.41
A34: 9 | B34: 1.45

Sheet Result
A2: ='C1'!B3 -> Ani | B2: =(Criteria!F10*'C1'!F10)+(Criteria!F11*'C2'!F10)+(Criteria!F12*'C3'!F10) -> 0.25031209
A3: ='C1'!B4 -> Budi | B3: =(Criteria!F10*'C1'!F11)+(Criteria!F11*'C2'!F11)+(Criteria!F12*'C3'!F11) -> 0.18516812
A4: ='C1'!B5 -> Charlie | B4: =(Criteria!F10*'C1'!F12)+(Criteria!F11*'C2'!F12)+(Criteria!F12*'C3'!F12) -> 0.56451979
B5: =SUM(B2:B4) -> 1 | C5: =IF(B5=1,"perhitungan benar","perhitungan salah") -> perhitungan benar
A8: Kandidat terbaik
B9: {=INDEX(A2:A4,MATCH(MAX(B2:B4),B2:B4,0))} -> Charlie
